Pórtico;Columna;Tipo;Tipo_seccion;Dimensiones;Altura_libre(m);Recubrimiento(cm);Pu(kN);Mu(kNm);f'c(MPa);λ;Clasificación;Ast(cm²);n_barras;diam_long(cm);diam_estribo(cm);paso_estribo(cm);cumple_estribo;Nota_diagrama
Portico 1;C0-a;estribos;I;b=20.0, h=54.1;3.00;4.00;7.055999999999998;24.053990430740576;20;19.21;CORTA;10.82;6;16;6;19.2;;γ=0.85, X=0.411, Y=0.065, ρg=0.010
Portico 1;C0-b;estribos;I;b=20.0, h=38.9;3.00;4.00;13.769234521276593;25.98025749305511;20;26.72;CORTA;7.78;4;16;6;19.2;;γ=0.79, X=0.858, Y=0.177, ρg=0.010
1;C0-a;estribos;I;b=20.0, h=40.6;3.00;4.00;6.994874089013153;14.4242515385143;20;25.60;CORTA;8.12;8;12;6;14.4;;γ=0.80, X=0.438, Y=0.086, ρg=0.010
1;C0-b;estribos;I;b=20.0, h=32.2;3.00;4.00;14.234251821973686;17.302177837548903;20;32.27;CORTA;6.44;6;12;6;14.4;;γ=0.75, X=0.834, Y=0.221, ρg=0.010
1;C0-c;estribos;I;b=20.0, h=35.9;3.00;4.00;10.128190972473652;16.095673273858296;20;28.95;CORTA;7.18;4;16;6;19.2;;γ=0.78, X=0.624, Y=0.141, ρg=0.010
2;C0-a;estribos;I;b=20.0, h=46.8;3.00;4.00;8.522643434942262;22.879958917737927;20;22.21;CORTA;9.36;6;16;6;19.2;;γ=0.83, X=0.522, Y=0.091, ρg=0.010
2;C0-b;estribos;I;b=20.0, h=49.1;3.00;4.00;9.774271427896627;28.421875095532087;20;21.17;CORTA;9.82;6;16;6;19.2;;γ=0.84, X=0.589, Y=0.100, ρg=0.010
2;C0-c;estribos;I;b=20.0, h=53.0;3.00;4.00;8.223781530721192;27.101884441609258;20;19.61;CORTA;10.60;6;16;6;19.2;;γ=0.85, X=0.482, Y=0.078, ρg=0.010
2;C0-d;estribos;I;b=20.0, h=31.7;3.00;4.00;20.31470389794408;23.868572138326254;20;32.78;CORTA;6.34;6;12;6;14.4;;γ=0.75, X=1.188, Y=0.320, ρg=0.010
2;C1-a;estribos;I;b=20.0, h=47.3;3.00;4.00;3.208133630527524;8.761572499945814;20;15.38;CORTA;9.46;6;16;6;19.2;;γ=0.83, X=0.196, Y=0.034, ρg=0.010
3;C0-a;estribos;I;b=20.0, h=30.2;3.00;4.00;41.6758087729752;21.66391835113291;20;34.41;CORTA;6.04;6;12;6;14.4;;γ=0.74, X=1.188, Y=0.690, ρg=0.010
3;C0-b;estribos;I;b=20.0, h=27.0;3.00;4.00;84.80838245404959;17.302177837548907;20;38.49;ESBELTA;5.40;6;12;6;14.4;;γ=0.70, X=1.188, Y=1.571, ρg=0.010
3;C0-c;estribos;I;b=20.0, h=31.1;3.00;4.00;41.6758087729752;25.33770272595536;20;33.42;CORTA;6.22;6;12;6;14.4;;γ=0.74, X=1.310, Y=0.670, ρg=0.010
